Name,Phone,Rating,Rating Count,Address
M A Interiors And Exteriors,7947177698,4.8,92,"B 302, Chandresh Upavan, Lodha Road, Mira Road, Thane - 401107, Near Medtiya Ground"
Sunil Civil Work,7947056814,3.5,1,"2 no parshik nagar riliance shopping, Dombivli West, Thane - 421202"
R K Patil,7947175238,4.1,49,"R K House, Panvel Uran Road, Ulwe, Navi Mumbai - 410206, Near Gavan Phata,Vahal"
National Civil & Furniture ..,7947075996,4.3,24,"B 204, Shree Ganesh Apartment, Kalwa, Thane - 400605, Savarkar Nagar, Near R J Thakur College"
Kumud Infratech,7947339018,4.4,14,"Office No 9 Kalpaka Bldg, Siddharth Nagar, Goregaon West, Mumbai - 400104, Vivek College Of Commerce"
Raqeeb Enterprises,7947223969,4.5,1,"Gala No 7,Eagle Market,90ft Road, Sakinaka, Mumbai - 400072, Near Tohfa Hotel Penulisual Hotel"
Vishwakarma Projects & Ente..,7947178381,4.2,22,"204, Herumb Building, M P Road, Mulund East, Mumbai - 400081, Near Prashant Hotel & Mulund Station"
Atharva Construction,7947192098,4.7,15,"Shop Number 1098, New Link Road-Andheri West, Andheri West, Mumbai - 400053, Opposite Infinity Mall, Adarsh Nagar"
Harsh Enterprises,7947268268,5.0,1,"SS2/Q 185, Sector 4, AIROLI SECTOR 4, Navi Mumbai - 400708, Nr Sushiladevi Deshmukh School"
Bhoomi Enterprise,7947338324,4.9,7,"Flat No 312, Building 17-A, Bimbisar Nagar, Goregaon East, Mumbai - 400065, Near Mahananda Dairy"
M A Interiors And Exteriors,7947177698,4.8,92,"B 302, Chandresh Upavan, Lodha Road, Mira Road, Thane - 401107, Near Medtiya Ground"
Sunil Civil Work,7947056814,3.5,1,"2 no parshik nagar riliance shopping, Dombivli West, Thane - 421202"
Vishwakarma Projects & Ente..,7947178381,4.2,22,"204, Herumb Building, M P Road, Mulund East, Mumbai - 400081, Near Prashant Hotel & Mulund Station"
R K Patil,7947175238,4.1,49,"R K House, Panvel Uran Road, Ulwe, Navi Mumbai - 410206, Near Gavan Phata,Vahal"
Kumud Infratech,7947339018,4.4,14,"Office No 9 Kalpaka Bldg, Siddharth Nagar, Goregaon West, Mumbai - 400104, Vivek College Of Commerce"
Raqeeb Enterprises,7947223969,4.5,1,"Gala No 7,Eagle Market,90ft Road, Sakinaka, Mumbai - 400072, Near Tohfa Hotel Penulisual Hotel"
National Civil & Furniture ..,7947075996,4.3,24,"B 204, Shree Ganesh Apartment, Kalwa, Thane - 400605, Savarkar Nagar, Near R J Thakur College"
Al Mehdi Interior,7947250599,4.8,3,"13,3rd Floor Plot 156/158 Baldiwala Building, Nagdevi Path, Masjid Bunder, Mumbai - 400003, Near Crawford Market"
Atharva Construction,7947192098,4.7,15,"Shop Number 1098, New Link Road-Andheri West, Andheri West, Mumbai - 400053, Opposite Infinity Mall, Adarsh Nagar"
R & R Decor Interior Decora..,7947171160,4.6,44,"Shop No 115, Plot No 184 ,Tiara Mall, Sector 13, Kharghar, Navi Mumbai - 410210, Above Daily Bazaar"
M A Interiors And Exteriors,7947177698,4.8,92,"B 302, Chandresh Upavan, Lodha Road, Mira Road, Thane - 401107, Near Medtiya Ground"
National Civil & Furniture ..,7947075996,4.3,24,"B 204, Shree Ganesh Apartment, Kalwa, Thane - 400605, Savarkar Nagar, Near R J Thakur College"
Sunil Civil Work,7947056814,3.5,1,"2 no parshik nagar riliance shopping, Dombivli West, Thane - 421202"
R K Patil,7947175238,4.1,49,"R K House, Panvel Uran Road, Ulwe, Navi Mumbai - 410206, Near Gavan Phata,Vahal"
Vishwakarma Projects & Ente..,7947178381,4.2,22,"204, Herumb Building, M P Road, Mulund East, Mumbai - 400081, Near Prashant Hotel & Mulund Station"
Raqeeb Enterprises,7947223969,4.5,1,"Gala No 7,Eagle Market,90ft Road, Sakinaka, Mumbai - 400072, Near Tohfa Hotel Penulisual Hotel"
Harsh Enterprises,7947268268,5.0,1,"SS2/Q 185, Sector 4, AIROLI SECTOR 4, Navi Mumbai - 400708, Nr Sushiladevi Deshmukh School"
Chotelal Gupta,7947177068,2.8,2,"Shop No 5, Natraj Apartment, Navghar Road,  S V Road, Bhayandar East, Thane - 401105, Near Saibaba Temple"
Atharva Construction,7947192098,4.7,15,"Shop Number 1098, New Link Road-Andheri West, Andheri West, Mumbai - 400053, Opposite Infinity Mall, Adarsh Nagar"
Kuber Construction,8045788860,3.5,1,"301, Crecent Tower, Andheri West, Mumbai - 400053, Behind Crystal Plaza, Opposite Infinity Mall"
